Composition %,MoR (Mpa),Error
0,32.98617045,2.492156917
0.5,35.75628144,3.45120908
1,36.39246289,3.454827952
2,37.1280933,3.475533827
4,34.03449638,3.337386487
