Composition %,MoR (Mpa),Error
0,26.46183427,1.343501258
0.5,26.32260178,2.348281086
1,27.44144028,1.406141447
2,25.51264567,2.305902789
4,29.01658866,2.569475941
