Composition %,MoR (Mpa),Error
0,26.46183427,1.343501258
0.5,28.4061285,2.514855728
1,33.89730315,3.322934802
2,38.96413178,3.420291043
4,38.30935824,3.551024079
