Composition %,MoR (Mpa),Error
0,26.46183427,1.343501258
0.5,25.11915794,2.523510048
1,26.53981052,2.309076338
2,31.55717819,2.853629255
4,32.40923616,2.819723696
