Composition %,MoR (Mpa),Error
0,32.98617045,2.492156917
0.5,42.83891537,3.948197092
1,45.72867213,4.408389636
2,50.5619333,4.45125724
4,58.88227289,4.184987424
