Composition %,MoR (Mpa),Error
0,32.98617045,2.492156917
0.5,37.0275851,3.248453886
1,41.70530705,3.715643373
2,41.78270261,3.762929021
4,36.21040722,3.208318831
