Composition %,MoR (Mpa),Error
0,32.98617045,2.492156917
0.5,37.73169235,3.322616841
1,34.9895279,3.829302115
2,41.2315551,3.621890589
4,38.41211399,3.361087046
