Composition %,MoR (Mpa),Error
0,26.46183427,1.343501258
0.5,28.00404886,2.548772978
1,29.8842834,2.750792064
2,30.43074068,4.15735018
4,24.26379082,2.169764248
